Edad;Sexo;Valor;Data;Tipo
0 años;Hombres;165066;Absolutos;Nacional
1 año;Hombres;184358;Absolutos;Nacional
2 años;Hombres;192706;Absolutos;Nacional
3 años;Hombres;207975;Absolutos;Nacional
4 años;Hombres;219278;Absolutos;Nacional
5 años;Hombres;225105;Absolutos;Nacional
6 años;Hombres;229827;Absolutos;Nacional
7 años;Hombres;226994;Absolutos;Nacional
8 años;Hombres;241025;Absolutos;Nacional
9 años;Hombres;247622;Absolutos;Nacional
10 años;Hombres;253127;Absolutos;Nacional
11 años;Hombres;258406;Absolutos;Nacional
12 años;Hombres;269870;Absolutos;Nacional
13 años;Hombres;259774;Absolutos;Nacional
14 años;Hombres;258644;Absolutos;Nacional
15 años;Hombres;252967;Absolutos;Nacional
16 años;Hombres;252458;Absolutos;Nacional
17 años;Hombres;248888;Absolutos;Nacional
18 años;Hombres;244855;Absolutos;Nacional
19 años;Hombres;246333;Absolutos;Nacional
20 años;Hombres;250219;Absolutos;Nacional
21 años;Hombres;244541;Absolutos;Nacional
22 años;Hombres;240376;Absolutos;Nacional
23 años;Hombres;244271;Absolutos;Nacional
24 años;Hombres;242842;Absolutos;Nacional
25 años;Hombres;246257;Absolutos;Nacional
26 años;Hombres;251070;Absolutos;Nacional
27 años;Hombres;260396;Absolutos;Nacional
28 años;Hombres;267593;Absolutos;Nacional
29 años;Hombres;267573;Absolutos;Nacional
30 años;Hombres;270724;Absolutos;Nacional
31 años;Hombres;274834;Absolutos;Nacional
32 años;Hombres;279711;Absolutos;Nacional
33 años;Hombres;283061;Absolutos;Nacional
34 años;Hombres;288940;Absolutos;Nacional
35 años;Hombres;298902;Absolutos;Nacional
36 años;Hombres;310662;Absolutos;Nacional
37 años;Hombres;321367;Absolutos;Nacional
38 años;Hombres;340348;Absolutos;Nacional
39 años;Hombres;356110;Absolutos;Nacional
40 años;Hombres;374035;Absolutos;Nacional
41 años;Hombres;384232;Absolutos;Nacional
42 años;Hombres;402128;Absolutos;Nacional
43 años;Hombres;408481;Absolutos;Nacional
44 años;Hombres;414169;Absolutos;Nacional
45 años;Hombres;411571;Absolutos;Nacional
46 años;Hombres;407252;Absolutos;Nacional
47 años;Hombres;396837;Absolutos;Nacional
48 años;Hombres;393574;Absolutos;Nacional
49 años;Hombres;385906;Absolutos;Nacional
50 años;Hombres;379387;Absolutos;Nacional
51 años;Hombres;372948;Absolutos;Nacional
52 años;Hombres;368186;Absolutos;Nacional
53 años;Hombres;368213;Absolutos;Nacional
54 años;Hombres;358309;Absolutos;Nacional
55 años;Hombres;352772;Absolutos;Nacional
56 años;Hombres;355618;Absolutos;Nacional
57 años;Hombres;337034;Absolutos;Nacional
58 años;Hombres;323397;Absolutos;Nacional
59 años;Hombres;313940;Absolutos;Nacional
60 años;Hombres;313216;Absolutos;Nacional
61 años;Hombres;302926;Absolutos;Nacional
62 años;Hombres;293835;Absolutos;Nacional
63 años;Hombres;284134;Absolutos;Nacional
64 años;Hombres;262733;Absolutos;Nacional
65 años;Hombres;253051;Absolutos;Nacional
66 años;Hombres;238463;Absolutos;Nacional
67 años;Hombres;237836;Absolutos;Nacional
68 años;Hombres;234665;Absolutos;Nacional
69 años;Hombres;216572;Absolutos;Nacional
70 años;Hombres;208146;Absolutos;Nacional
71 años;Hombres;212031;Absolutos;Nacional
72 años;Hombres;217917;Absolutos;Nacional
73 años;Hombres;195470;Absolutos;Nacional
74 años;Hombres;182249;Absolutos;Nacional
75 años;Hombres;185685;Absolutos;Nacional
76 años;Hombres;172241;Absolutos;Nacional
77 años;Hombres;164742;Absolutos;Nacional
78 años;Hombres;137658;Absolutos;Nacional
79 años;Hombres;122184;Absolutos;Nacional
80 años;Hombres;142522;Absolutos;Nacional
81 años;Hombres;87950;Absolutos;Nacional
82 años;Hombres;95015;Absolutos;Nacional
83 años;Hombres;99963;Absolutos;Nacional
84 años;Hombres;99973;Absolutos;Nacional
85 años;Hombres;90172;Absolutos;Nacional
86 años;Hombres;80832;Absolutos;Nacional
87 años;Hombres;73337;Absolutos;Nacional
88 años;Hombres;63957;Absolutos;Nacional
89 años;Hombres;52278;Absolutos;Nacional
90 años;Hombres;43017;Absolutos;Nacional
91 años;Hombres;33541;Absolutos;Nacional
92 años;Hombres;26407;Absolutos;Nacional
93 años;Hombres;19112;Absolutos;Nacional
94 años;Hombres;14443;Absolutos;Nacional
95 años;Hombres;10076;Absolutos;Nacional
96 años;Hombres;7251;Absolutos;Nacional
97 años;Hombres;5001;Absolutos;Nacional
98 años;Hombres;3229;Absolutos;Nacional
99 años;Hombres;2075;Absolutos;Nacional
100 años y más;Hombres;3984;Absolutos;Nacional
0 años;Hombres;138746;Absolutos;Españoles
1 año;Hombres;155877;Absolutos;Españoles
2 años;Hombres;166055;Absolutos;Españoles
3 años;Hombres;180166;Absolutos;Españoles
4 años;Hombres;190094;Absolutos;Españoles
5 años;Hombres;196107;Absolutos;Españoles
6 años;Hombres;200824;Absolutos;Españoles
7 años;Hombres;199843;Absolutos;Españoles
8 años;Hombres;214209;Absolutos;Españoles
9 años;Hombres;221542;Absolutos;Españoles
10 años;Hombres;226977;Absolutos;Españoles
11 años;Hombres;232641;Absolutos;Españoles
12 años;Hombres;244875;Absolutos;Españoles
13 años;Hombres;237052;Absolutos;Españoles
14 años;Hombres;236478;Absolutos;Españoles
15 años;Hombres;230883;Absolutos;Españoles
16 años;Hombres;229143;Absolutos;Españoles
17 años;Hombres;223986;Absolutos;Españoles
18 años;Hombres;216815;Absolutos;Españoles
19 años;Hombres;214739;Absolutos;Españoles
20 años;Hombres;216383;Absolutos;Españoles
21 años;Hombres;209116;Absolutos;Españoles
22 años;Hombres;202816;Absolutos;Españoles
23 años;Hombres;203788;Absolutos;Españoles
24 años;Hombres;200199;Absolutos;Españoles
25 años;Hombres;200361;Absolutos;Españoles
26 años;Hombres;202233;Absolutos;Españoles
27 años;Hombres;209567;Absolutos;Españoles
28 años;Hombres;214540;Absolutos;Españoles
29 años;Hombres;213841;Absolutos;Españoles
30 años;Hombres;214716;Absolutos;Españoles
31 años;Hombres;218044;Absolutos;Españoles
32 años;Hombres;221490;Absolutos;Españoles
33 años;Hombres;224364;Absolutos;Españoles
34 años;Hombres;230466;Absolutos;Españoles
35 años;Hombres;239639;Absolutos;Españoles
36 años;Hombres;250083;Absolutos;Españoles
37 años;Hombres;260389;Absolutos;Españoles
38 años;Hombres;276768;Absolutos;Españoles
39 años;Hombres;292405;Absolutos;Españoles
40 años;Hombres;307915;Absolutos;Españoles
41 años;Hombres;320589;Absolutos;Españoles
42 años;Hombres;339190;Absolutos;Españoles
43 años;Hombres;346968;Absolutos;Españoles
44 años;Hombres;355322;Absolutos;Españoles
45 años;Hombres;355441;Absolutos;Españoles
46 años;Hombres;353594;Absolutos;Españoles
47 años;Hombres;347316;Absolutos;Españoles
48 años;Hombres;345834;Absolutos;Españoles
49 años;Hombres;341763;Absolutos;Españoles
50 años;Hombres;335643;Absolutos;Españoles
51 años;Hombres;332524;Absolutos;Españoles
52 años;Hombres;329363;Absolutos;Españoles
53 años;Hombres;332791;Absolutos;Españoles
54 años;Hombres;326686;Absolutos;Españoles
55 años;Hombres;323228;Absolutos;Españoles
56 años;Hombres;327182;Absolutos;Españoles
57 años;Hombres;310841;Absolutos;Españoles
58 años;Hombres;298755;Absolutos;Españoles
59 años;Hombres;291940;Absolutos;Españoles
60 años;Hombres;291345;Absolutos;Españoles
61 años;Hombres;283188;Absolutos;Españoles
62 años;Hombres;275143;Absolutos;Españoles
63 años;Hombres;266916;Absolutos;Españoles
64 años;Hombres;246343;Absolutos;Españoles
65 años;Hombres;237895;Absolutos;Españoles
66 años;Hombres;223966;Absolutos;Españoles
67 años;Hombres;224290;Absolutos;Españoles
68 años;Hombres;221609;Absolutos;Españoles
69 años;Hombres;204583;Absolutos;Españoles
70 años;Hombres;196528;Absolutos;Españoles
71 años;Hombres;201490;Absolutos;Españoles
72 años;Hombres;207634;Absolutos;Españoles
73 años;Hombres;185545;Absolutos;Españoles
74 años;Hombres;173296;Absolutos;Españoles
75 años;Hombres;178268;Absolutos;Españoles
76 años;Hombres;164768;Absolutos;Españoles
77 años;Hombres;158092;Absolutos;Españoles
78 años;Hombres;131699;Absolutos;Españoles
79 años;Hombres;117032;Absolutos;Españoles
80 años;Hombres;137740;Absolutos;Españoles
81 años;Hombres;83773;Absolutos;Españoles
82 años;Hombres;91412;Absolutos;Españoles
83 años;Hombres;97029;Absolutos;Españoles
84 años;Hombres;97577;Absolutos;Españoles
85 años;Hombres;88174;Absolutos;Españoles
86 años;Hombres;79229;Absolutos;Españoles
87 años;Hombres;72067;Absolutos;Españoles
88 años;Hombres;62904;Absolutos;Españoles
89 años;Hombres;51432;Absolutos;Españoles
90 años;Hombres;42325;Absolutos;Españoles
91 años;Hombres;33068;Absolutos;Españoles
92 años;Hombres;26032;Absolutos;Españoles
93 años;Hombres;18831;Absolutos;Españoles
94 años;Hombres;14243;Absolutos;Españoles
95 años;Hombres;9934;Absolutos;Españoles
96 años;Hombres;7160;Absolutos;Españoles
97 años;Hombres;4932;Absolutos;Españoles
98 años;Hombres;3180;Absolutos;Españoles
99 años;Hombres;2051;Absolutos;Españoles
100 años y más;Hombres;3933;Absolutos;Españoles
0 años;Hombres;26320;Absolutos;Extranjeros
1 año;Hombres;28481;Absolutos;Extranjeros
2 años;Hombres;26651;Absolutos;Extranjeros
3 años;Hombres;27809;Absolutos;Extranjeros
4 años;Hombres;29184;Absolutos;Extranjeros
5 años;Hombres;28998;Absolutos;Extranjeros
6 años;Hombres;29003;Absolutos;Extranjeros
7 años;Hombres;27151;Absolutos;Extranjeros
8 años;Hombres;26816;Absolutos;Extranjeros
9 años;Hombres;26080;Absolutos;Extranjeros
10 años;Hombres;26150;Absolutos;Extranjeros
11 años;Hombres;25765;Absolutos;Extranjeros
12 años;Hombres;24995;Absolutos;Extranjeros
13 años;Hombres;22722;Absolutos;Extranjeros
14 años;Hombres;22166;Absolutos;Extranjeros
15 años;Hombres;22084;Absolutos;Extranjeros
16 años;Hombres;23315;Absolutos;Extranjeros
17 años;Hombres;24902;Absolutos;Extranjeros
18 años;Hombres;28040;Absolutos;Extranjeros
19 años;Hombres;31594;Absolutos;Extranjeros
20 años;Hombres;33836;Absolutos;Extranjeros
21 años;Hombres;35425;Absolutos;Extranjeros
22 años;Hombres;37560;Absolutos;Extranjeros
23 años;Hombres;40483;Absolutos;Extranjeros
24 años;Hombres;42643;Absolutos;Extranjeros
25 años;Hombres;45896;Absolutos;Extranjeros
26 años;Hombres;48837;Absolutos;Extranjeros
27 años;Hombres;50829;Absolutos;Extranjeros
28 años;Hombres;53053;Absolutos;Extranjeros
29 años;Hombres;53732;Absolutos;Extranjeros
30 años;Hombres;56008;Absolutos;Extranjeros
31 años;Hombres;56790;Absolutos;Extranjeros
32 años;Hombres;58221;Absolutos;Extranjeros
33 años;Hombres;58697;Absolutos;Extranjeros
34 años;Hombres;58474;Absolutos;Extranjeros
35 años;Hombres;59263;Absolutos;Extranjeros
36 años;Hombres;60579;Absolutos;Extranjeros
37 años;Hombres;60978;Absolutos;Extranjeros
38 años;Hombres;63580;Absolutos;Extranjeros
39 años;Hombres;63705;Absolutos;Extranjeros
40 años;Hombres;66120;Absolutos;Extranjeros
41 años;Hombres;63643;Absolutos;Extranjeros
42 años;Hombres;62938;Absolutos;Extranjeros
43 años;Hombres;61513;Absolutos;Extranjeros
44 años;Hombres;58847;Absolutos;Extranjeros
45 años;Hombres;56130;Absolutos;Extranjeros
46 años;Hombres;53658;Absolutos;Extranjeros
47 años;Hombres;49521;Absolutos;Extranjeros
48 años;Hombres;47740;Absolutos;Extranjeros
49 años;Hombres;44143;Absolutos;Extranjeros
50 años;Hombres;43744;Absolutos;Extranjeros
51 años;Hombres;40424;Absolutos;Extranjeros
52 años;Hombres;38823;Absolutos;Extranjeros
53 años;Hombres;35422;Absolutos;Extranjeros
54 años;Hombres;31623;Absolutos;Extranjeros
55 años;Hombres;29544;Absolutos;Extranjeros
56 años;Hombres;28436;Absolutos;Extranjeros
57 años;Hombres;26193;Absolutos;Extranjeros
58 años;Hombres;24642;Absolutos;Extranjeros
59 años;Hombres;22000;Absolutos;Extranjeros
60 años;Hombres;21871;Absolutos;Extranjeros
61 años;Hombres;19738;Absolutos;Extranjeros
62 años;Hombres;18692;Absolutos;Extranjeros
63 años;Hombres;17218;Absolutos;Extranjeros
64 años;Hombres;16390;Absolutos;Extranjeros
65 años;Hombres;15156;Absolutos;Extranjeros
66 años;Hombres;14497;Absolutos;Extranjeros
67 años;Hombres;13546;Absolutos;Extranjeros
68 años;Hombres;13056;Absolutos;Extranjeros
69 años;Hombres;11989;Absolutos;Extranjeros
70 años;Hombres;11618;Absolutos;Extranjeros
71 años;Hombres;10541;Absolutos;Extranjeros
72 años;Hombres;10283;Absolutos;Extranjeros
73 años;Hombres;9925;Absolutos;Extranjeros
74 años;Hombres;8953;Absolutos;Extranjeros
75 años;Hombres;7417;Absolutos;Extranjeros
76 años;Hombres;7473;Absolutos;Extranjeros
77 años;Hombres;6650;Absolutos;Extranjeros
78 años;Hombres;5959;Absolutos;Extranjeros
79 años;Hombres;5152;Absolutos;Extranjeros
80 años;Hombres;4782;Absolutos;Extranjeros
81 años;Hombres;4177;Absolutos;Extranjeros
82 años;Hombres;3603;Absolutos;Extranjeros
83 años;Hombres;2934;Absolutos;Extranjeros
84 años;Hombres;2396;Absolutos;Extranjeros
85 años;Hombres;1998;Absolutos;Extranjeros
86 años;Hombres;1603;Absolutos;Extranjeros
87 años;Hombres;1270;Absolutos;Extranjeros
88 años;Hombres;1053;Absolutos;Extranjeros
89 años;Hombres;846;Absolutos;Extranjeros
90 años;Hombres;692;Absolutos;Extranjeros
91 años;Hombres;473;Absolutos;Extranjeros
92 años;Hombres;375;Absolutos;Extranjeros
93 años;Hombres;281;Absolutos;Extranjeros
94 años;Hombres;200;Absolutos;Extranjeros
95 años;Hombres;142;Absolutos;Extranjeros
96 años;Hombres;91;Absolutos;Extranjeros
97 años;Hombres;69;Absolutos;Extranjeros
98 años;Hombres;49;Absolutos;Extranjeros
99 años;Hombres;24;Absolutos;Extranjeros
100 años y más;Hombres;51;Absolutos;Extranjeros
0 años;Mujeres;157483;Absolutos;Nacional
1 año;Mujeres;174277;Absolutos;Nacional
2 años;Mujeres;183049;Absolutos;Nacional
3 años;Mujeres;195979;Absolutos;Nacional
4 años;Mujeres;207518;Absolutos;Nacional
5 años;Mujeres;213358;Absolutos;Nacional
6 años;Mujeres;216189;Absolutos;Nacional
7 años;Mujeres;214996;Absolutos;Nacional
8 años;Mujeres;227261;Absolutos;Nacional
9 años;Mujeres;233401;Absolutos;Nacional
10 años;Mujeres;239300;Absolutos;Nacional
11 años;Mujeres;242613;Absolutos;Nacional
12 años;Mujeres;254262;Absolutos;Nacional
13 años;Mujeres;245434;Absolutos;Nacional
14 años;Mujeres;244710;Absolutos;Nacional
15 años;Mujeres;240799;Absolutos;Nacional
16 años;Mujeres;237862;Absolutos;Nacional
17 años;Mujeres;235253;Absolutos;Nacional
18 años;Mujeres;228123;Absolutos;Nacional
19 años;Mujeres;230380;Absolutos;Nacional
20 años;Mujeres;233104;Absolutos;Nacional
21 años;Mujeres;231729;Absolutos;Nacional
22 años;Mujeres;226587;Absolutos;Nacional
23 años;Mujeres;234153;Absolutos;Nacional
24 años;Mujeres;234626;Absolutos;Nacional
25 años;Mujeres;237715;Absolutos;Nacional
26 años;Mujeres;243141;Absolutos;Nacional
27 años;Mujeres;252863;Absolutos;Nacional
28 años;Mujeres;261476;Absolutos;Nacional
29 años;Mujeres;260652;Absolutos;Nacional
30 años;Mujeres;266348;Absolutos;Nacional
31 años;Mujeres;271973;Absolutos;Nacional
32 años;Mujeres;278081;Absolutos;Nacional
33 años;Mujeres;282217;Absolutos;Nacional
34 años;Mujeres;290425;Absolutos;Nacional
35 años;Mujeres;299948;Absolutos;Nacional
36 años;Mujeres;311245;Absolutos;Nacional
37 años;Mujeres;321290;Absolutos;Nacional
38 años;Mujeres;338689;Absolutos;Nacional
39 años;Mujeres;351977;Absolutos;Nacional
40 años;Mujeres;368269;Absolutos;Nacional
41 años;Mujeres;378481;Absolutos;Nacional
42 años;Mujeres;393378;Absolutos;Nacional
43 años;Mujeres;396312;Absolutos;Nacional
44 años;Mujeres;404222;Absolutos;Nacional
45 años;Mujeres;399814;Absolutos;Nacional
46 años;Mujeres;397907;Absolutos;Nacional
47 años;Mujeres;387116;Absolutos;Nacional
48 años;Mujeres;385974;Absolutos;Nacional
49 años;Mujeres;379894;Absolutos;Nacional
50 años;Mujeres;375224;Absolutos;Nacional
51 años;Mujeres;371896;Absolutos;Nacional
52 años;Mujeres;369625;Absolutos;Nacional
53 años;Mujeres;372530;Absolutos;Nacional
54 años;Mujeres;362957;Absolutos;Nacional
55 años;Mujeres;361240;Absolutos;Nacional
56 años;Mujeres;365851;Absolutos;Nacional
57 años;Mujeres;347611;Absolutos;Nacional
58 años;Mujeres;336572;Absolutos;Nacional
59 años;Mujeres;328620;Absolutos;Nacional
60 años;Mujeres;329515;Absolutos;Nacional
61 años;Mujeres;319916;Absolutos;Nacional
62 años;Mujeres;312230;Absolutos;Nacional
63 años;Mujeres;304854;Absolutos;Nacional
64 años;Mujeres;283877;Absolutos;Nacional
65 años;Mujeres;275161;Absolutos;Nacional
66 años;Mujeres;262725;Absolutos;Nacional
67 años;Mujeres;261469;Absolutos;Nacional
68 años;Mujeres;258450;Absolutos;Nacional
69 años;Mujeres;242480;Absolutos;Nacional
70 años;Mujeres;235717;Absolutos;Nacional
71 años;Mujeres;244496;Absolutos;Nacional
72 años;Mujeres;253851;Absolutos;Nacional
73 años;Mujeres;230589;Absolutos;Nacional
74 años;Mujeres;219527;Absolutos;Nacional
75 años;Mujeres;227212;Absolutos;Nacional
76 años;Mujeres;213406;Absolutos;Nacional
77 años;Mujeres;207939;Absolutos;Nacional
78 años;Mujeres;176093;Absolutos;Nacional
79 años;Mujeres;159986;Absolutos;Nacional
80 años;Mujeres;193413;Absolutos;Nacional
81 años;Mujeres;126277;Absolutos;Nacional
82 años;Mujeres;139031;Absolutos;Nacional
83 años;Mujeres;150860;Absolutos;Nacional
84 años;Mujeres;159249;Absolutos;Nacional
85 años;Mujeres;146195;Absolutos;Nacional
86 años;Mujeres;136925;Absolutos;Nacional
87 años;Mujeres;129527;Absolutos;Nacional
88 años;Mujeres;117881;Absolutos;Nacional
89 años;Mujeres;99995;Absolutos;Nacional
90 años;Mujeres;89652;Absolutos;Nacional
91 años;Mujeres;73395;Absolutos;Nacional
92 años;Mujeres;61240;Absolutos;Nacional
93 años;Mujeres;47473;Absolutos;Nacional
94 años;Mujeres;38466;Absolutos;Nacional
95 años;Mujeres;28924;Absolutos;Nacional
96 años;Mujeres;21844;Absolutos;Nacional
97 años;Mujeres;15611;Absolutos;Nacional
98 años;Mujeres;11339;Absolutos;Nacional
99 años;Mujeres;7349;Absolutos;Nacional
100 años y más;Mujeres;14036;Absolutos;Nacional
0 años;Mujeres;132638;Absolutos;Españoles
1 año;Mujeres;147333;Absolutos;Españoles
2 años;Mujeres;157482;Absolutos;Españoles
3 años;Mujeres;169603;Absolutos;Españoles
4 años;Mujeres;179885;Absolutos;Españoles
5 años;Mujeres;185715;Absolutos;Españoles
6 años;Mujeres;189193;Absolutos;Españoles
7 años;Mujeres;189316;Absolutos;Españoles
8 años;Mujeres;201793;Absolutos;Españoles
9 años;Mujeres;208832;Absolutos;Españoles
10 años;Mujeres;214616;Absolutos;Españoles
11 años;Mujeres;218464;Absolutos;Españoles
12 años;Mujeres;230702;Absolutos;Españoles
13 años;Mujeres;224130;Absolutos;Españoles
14 años;Mujeres;223899;Absolutos;Españoles
15 años;Mujeres;220384;Absolutos;Españoles
16 años;Mujeres;217027;Absolutos;Españoles
17 años;Mujeres;214341;Absolutos;Españoles
18 años;Mujeres;206079;Absolutos;Españoles
19 años;Mujeres;204940;Absolutos;Españoles
20 años;Mujeres;203567;Absolutos;Españoles
21 años;Mujeres;198621;Absolutos;Españoles
22 años;Mujeres;190356;Absolutos;Españoles
23 años;Mujeres;193539;Absolutos;Españoles
24 años;Mujeres;190836;Absolutos;Españoles
25 años;Mujeres;190012;Absolutos;Españoles
26 años;Mujeres;192076;Absolutos;Españoles
27 años;Mujeres;199124;Absolutos;Españoles
28 años;Mujeres;205339;Absolutos;Españoles
29 años;Mujeres;203405;Absolutos;Españoles
30 años;Mujeres;205636;Absolutos;Españoles
31 años;Mujeres;209398;Absolutos;Españoles
32 años;Mujeres;213683;Absolutos;Españoles
33 años;Mujeres;217534;Absolutos;Españoles
34 años;Mujeres;225230;Absolutos;Españoles
35 años;Mujeres;234846;Absolutos;Españoles
36 años;Mujeres;245981;Absolutos;Españoles
37 años;Mujeres;257036;Absolutos;Españoles
38 años;Mujeres;273975;Absolutos;Españoles
39 años;Mujeres;288483;Absolutos;Españoles
40 años;Mujeres;305469;Absolutos;Españoles
41 años;Mujeres;317989;Absolutos;Españoles
42 años;Mujeres;334976;Absolutos;Españoles
43 años;Mujeres;340983;Absolutos;Españoles
44 años;Mujeres;351487;Absolutos;Españoles
45 años;Mujeres;349796;Absolutos;Españoles
46 años;Mujeres;349926;Absolutos;Españoles
47 años;Mujeres;343090;Absolutos;Españoles
48 años;Mujeres;343072;Absolutos;Españoles
49 años;Mujeres;339216;Absolutos;Españoles
50 años;Mujeres;335369;Absolutos;Españoles
51 años;Mujeres;334067;Absolutos;Españoles
52 años;Mujeres;332397;Absolutos;Españoles
53 años;Mujeres;337706;Absolutos;Españoles
54 años;Mujeres;332217;Absolutos;Españoles
55 años;Mujeres;331742;Absolutos;Españoles
56 años;Mujeres;336948;Absolutos;Españoles
57 años;Mujeres;320197;Absolutos;Españoles
58 años;Mujeres;310794;Absolutos;Españoles
59 años;Mujeres;305034;Absolutos;Españoles
60 años;Mujeres;306116;Absolutos;Españoles
61 años;Mujeres;298180;Absolutos;Españoles
62 años;Mujeres;291581;Absolutos;Españoles
63 años;Mujeres;285253;Absolutos;Españoles
64 años;Mujeres;265358;Absolutos;Españoles
65 años;Mujeres;257671;Absolutos;Españoles
66 años;Mujeres;246091;Absolutos;Españoles
67 años;Mujeres;245900;Absolutos;Españoles
68 años;Mujeres;243493;Absolutos;Españoles
69 años;Mujeres;228940;Absolutos;Españoles
70 años;Mujeres;222364;Absolutos;Españoles
71 años;Mujeres;232234;Absolutos;Españoles
72 años;Mujeres;242326;Absolutos;Españoles
73 años;Mujeres;219444;Absolutos;Españoles
74 años;Mujeres;209469;Absolutos;Españoles
75 años;Mujeres;218964;Absolutos;Españoles
76 años;Mujeres;205359;Absolutos;Españoles
77 años;Mujeres;200849;Absolutos;Españoles
78 años;Mujeres;169662;Absolutos;Españoles
79 años;Mujeres;154423;Absolutos;Españoles
80 años;Mujeres;188041;Absolutos;Españoles
81 años;Mujeres;121749;Absolutos;Españoles
82 años;Mujeres;135150;Absolutos;Españoles
83 años;Mujeres;147574;Absolutos;Españoles
84 años;Mujeres;156288;Absolutos;Españoles
85 años;Mujeres;143885;Absolutos;Españoles
86 años;Mujeres;135011;Absolutos;Españoles
87 años;Mujeres;127882;Absolutos;Españoles
88 años;Mujeres;116463;Absolutos;Españoles
89 años;Mujeres;98854;Absolutos;Españoles
90 años;Mujeres;88594;Absolutos;Españoles
91 años;Mujeres;72541;Absolutos;Españoles
92 años;Mujeres;60624;Absolutos;Españoles
93 años;Mujeres;47025;Absolutos;Españoles
94 años;Mujeres;38099;Absolutos;Españoles
95 años;Mujeres;28662;Absolutos;Españoles
96 años;Mujeres;21635;Absolutos;Españoles
97 años;Mujeres;15463;Absolutos;Españoles
98 años;Mujeres;11229;Absolutos;Españoles
99 años;Mujeres;7271;Absolutos;Españoles
100 años y más;Mujeres;13917;Absolutos;Españoles
0 años;Mujeres;24845;Absolutos;Extranjeros
1 año;Mujeres;26944;Absolutos;Extranjeros
2 años;Mujeres;25567;Absolutos;Extranjeros
3 años;Mujeres;26376;Absolutos;Extranjeros
4 años;Mujeres;27633;Absolutos;Extranjeros
5 años;Mujeres;27643;Absolutos;Extranjeros
6 años;Mujeres;26996;Absolutos;Extranjeros
7 años;Mujeres;25680;Absolutos;Extranjeros
8 años;Mujeres;25468;Absolutos;Extranjeros
9 años;Mujeres;24569;Absolutos;Extranjeros
10 años;Mujeres;24684;Absolutos;Extranjeros
11 años;Mujeres;24149;Absolutos;Extranjeros
12 años;Mujeres;23560;Absolutos;Extranjeros
13 años;Mujeres;21304;Absolutos;Extranjeros
14 años;Mujeres;20811;Absolutos;Extranjeros
15 años;Mujeres;20415;Absolutos;Extranjeros
16 años;Mujeres;20835;Absolutos;Extranjeros
17 años;Mujeres;20912;Absolutos;Extranjeros
18 años;Mujeres;22044;Absolutos;Extranjeros
19 años;Mujeres;25440;Absolutos;Extranjeros
20 años;Mujeres;29537;Absolutos;Extranjeros
21 años;Mujeres;33108;Absolutos;Extranjeros
22 años;Mujeres;36231;Absolutos;Extranjeros
23 años;Mujeres;40614;Absolutos;Extranjeros
24 años;Mujeres;43790;Absolutos;Extranjeros
25 años;Mujeres;47703;Absolutos;Extranjeros
26 años;Mujeres;51065;Absolutos;Extranjeros
27 años;Mujeres;53739;Absolutos;Extranjeros
28 años;Mujeres;56137;Absolutos;Extranjeros
29 años;Mujeres;57247;Absolutos;Extranjeros
30 años;Mujeres;60712;Absolutos;Extranjeros
31 años;Mujeres;62575;Absolutos;Extranjeros
32 años;Mujeres;64398;Absolutos;Extranjeros
33 años;Mujeres;64683;Absolutos;Extranjeros
34 años;Mujeres;65195;Absolutos;Extranjeros
35 años;Mujeres;65102;Absolutos;Extranjeros
36 años;Mujeres;65264;Absolutos;Extranjeros
37 años;Mujeres;64254;Absolutos;Extranjeros
38 años;Mujeres;64714;Absolutos;Extranjeros
39 años;Mujeres;63494;Absolutos;Extranjeros
40 años;Mujeres;62800;Absolutos;Extranjeros
41 años;Mujeres;60492;Absolutos;Extranjeros
42 años;Mujeres;58402;Absolutos;Extranjeros
43 años;Mujeres;55329;Absolutos;Extranjeros
44 años;Mujeres;52735;Absolutos;Extranjeros
45 años;Mujeres;50018;Absolutos;Extranjeros
46 años;Mujeres;47981;Absolutos;Extranjeros
47 años;Mujeres;44026;Absolutos;Extranjeros
48 años;Mujeres;42902;Absolutos;Extranjeros
49 años;Mujeres;40678;Absolutos;Extranjeros
50 años;Mujeres;39855;Absolutos;Extranjeros
51 años;Mujeres;37829;Absolutos;Extranjeros
52 años;Mujeres;37228;Absolutos;Extranjeros
53 años;Mujeres;34824;Absolutos;Extranjeros
54 años;Mujeres;30740;Absolutos;Extranjeros
55 años;Mujeres;29498;Absolutos;Extranjeros
56 años;Mujeres;28903;Absolutos;Extranjeros
57 años;Mujeres;27414;Absolutos;Extranjeros
58 años;Mujeres;25778;Absolutos;Extranjeros
59 años;Mujeres;23586;Absolutos;Extranjeros
60 años;Mujeres;23399;Absolutos;Extranjeros
61 años;Mujeres;21736;Absolutos;Extranjeros
62 años;Mujeres;20649;Absolutos;Extranjeros
63 años;Mujeres;19601;Absolutos;Extranjeros
64 años;Mujeres;18519;Absolutos;Extranjeros
65 años;Mujeres;17490;Absolutos;Extranjeros
66 años;Mujeres;16634;Absolutos;Extranjeros
67 años;Mujeres;15569;Absolutos;Extranjeros
68 años;Mujeres;14957;Absolutos;Extranjeros
69 años;Mujeres;13540;Absolutos;Extranjeros
70 años;Mujeres;13353;Absolutos;Extranjeros
71 años;Mujeres;12262;Absolutos;Extranjeros
72 años;Mujeres;11525;Absolutos;Extranjeros
73 años;Mujeres;11145;Absolutos;Extranjeros
74 años;Mujeres;10058;Absolutos;Extranjeros
75 años;Mujeres;8248;Absolutos;Extranjeros
76 años;Mujeres;8047;Absolutos;Extranjeros
77 años;Mujeres;7090;Absolutos;Extranjeros
78 años;Mujeres;6431;Absolutos;Extranjeros
79 años;Mujeres;5563;Absolutos;Extranjeros
80 años;Mujeres;5372;Absolutos;Extranjeros
81 años;Mujeres;4528;Absolutos;Extranjeros
82 años;Mujeres;3881;Absolutos;Extranjeros
83 años;Mujeres;3286;Absolutos;Extranjeros
84 años;Mujeres;2961;Absolutos;Extranjeros
85 años;Mujeres;2310;Absolutos;Extranjeros
86 años;Mujeres;1914;Absolutos;Extranjeros
87 años;Mujeres;1645;Absolutos;Extranjeros
88 años;Mujeres;1418;Absolutos;Extranjeros
89 años;Mujeres;1141;Absolutos;Extranjeros
90 años;Mujeres;1058;Absolutos;Extranjeros
91 años;Mujeres;854;Absolutos;Extranjeros
92 años;Mujeres;616;Absolutos;Extranjeros
93 años;Mujeres;448;Absolutos;Extranjeros
94 años;Mujeres;367;Absolutos;Extranjeros
95 años;Mujeres;262;Absolutos;Extranjeros
96 años;Mujeres;209;Absolutos;Extranjeros
97 años;Mujeres;148;Absolutos;Extranjeros
98 años;Mujeres;110;Absolutos;Extranjeros
99 años;Mujeres;78;Absolutos;Extranjeros
100 años y más;Mujeres;119;Absolutos;Extranjeros
0 años;Hombres;0.348349957297764;Porcentajes;Nacional
1 año;Hombres;0.389063171261806;Porcentajes;Nacional
2 años;Hombres;0.406680520949335;Porcentajes;Nacional
3 años;Hombres;0.438903725594626;Porcentajes;Nacional
4 años;Hombres;0.46275721188094;Porcentajes;Nacional
5 años;Hombres;0.475054324558136;Porcentajes;Nacional
6 años;Hombres;0.485019480909899;Porcentajes;Nacional
7 años;Hombres;0.479040809172384;Porcentajes;Nacional
8 años;Hombres;0.508651378586103;Porcentajes;Nacional
9 años;Hombres;0.522573474404099;Porcentajes;Nacional
10 años;Hombres;0.534191048676961;Porcentajes;Nacional
11 años;Hombres;0.545331679846159;Porcentajes;Nacional
12 años;Hombres;0.56952493533464;Porcentajes;Nacional
13 años;Hombres;0.548218662880723;Porcentajes;Nacional
14 años;Hombres;0.545833947362407;Porcentajes;Nacional
15 años;Hombres;0.533853389842509;Porcentajes;Nacional
16 años;Hombres;0.532779212675409;Porcentajes;Nacional
17 años;Hombres;0.5252451999317;Porcentajes;Nacional
18 años;Hombres;0.516734086935796;Porcentajes;Nacional
19 años;Hombres;0.519853210419046;Porcentajes;Nacional
20 años;Hombres;0.528054099360797;Porcentajes;Nacional
21 años;Hombres;0.516071431473184;Porcentajes;Nacional
22 años;Hombres;0.507281749938857;Porcentajes;Nacional
23 años;Hombres;0.515501632190047;Porcentajes;Nacional
24 años;Hombres;0.512485916724848;Porcentajes;Nacional
25 años;Hombres;0.519692822472681;Porcentajes;Nacional
26 años;Hombres;0.529850022286538;Porcentajes;Nacional
27 años;Hombres;0.549531311599655;Porcentajes;Nacional
28 años;Hombres;0.564719628046846;Porcentajes;Nacional
29 años;Hombres;0.56467742069254;Porcentajes;Nacional
30 años;Hombres;0.571327189363527;Porcentajes;Nacional
31 años;Hombres;0.580000800673511;Porcentajes;Nacional
32 años;Hombres;0.590293064021149;Porcentajes;Nacional
33 años;Hombres;0.597362795867486;Porcentajes;Nacional
34 años;Hombres;0.609769647665879;Porcentajes;Nacional
35 años;Hombres;0.630793130845943;Porcentajes;Nacional
36 años;Hombres;0.65561105517816;Porcentajes;Nacional
37 años;Hombres;0.678202541570709;Porcentajes;Nacional
38 años;Hombres;0.718259431175285;Porcentajes;Nacional
39 años;Hombres;0.75152304710423;Porcentajes;Nacional
40 años;Hombres;0.789351388401423;Porcentajes;Nacional
41 años;Hombres;0.810870807994588;Porcentajes;Nacional
42 años;Hombres;0.848637948628036;Porcentajes;Nacional
43 años;Hombres;0.862045114723493;Porcentajes;Nacional
44 años;Hombres;0.874048886288259;Porcentajes;Nacional
45 años;Hombres;0.868566150963846;Porcentajes;Nacional
46 años;Hombres;0.859451472801359;Porcentajes;Nacional
47 años;Hombres;0.837471993046254;Porcentajes;Nacional
48 años;Hombres;0.83058586319115;Porcentajes;Nacional
49 años;Hombres;0.814403563550041;Porcentajes;Nacional
50 años;Hombres;0.80064607641384;Porcentajes;Nacional
51 años;Hombres;0.787057418694865;Porcentajes;Nacional
52 años;Hombres;0.77700784763449;Porcentajes;Nacional
53 años;Hombres;0.777064827562804;Porcentajes;Nacional
54 años;Hombres;0.756163745710229;Porcentajes;Nacional
55 años;Hombres;0.744478639670477;Porcentajes;Nacional
56 años;Hombres;0.750484746188291;Porcentajes;Nacional
57 años;Hombres;0.711265672566699;Porcentajes;Nacional
58 años;Hombres;0.682486588032818;Porcentajes;Nacional
59 años;Hombres;0.662528840548994;Porcentajes;Nacional
60 años;Hombres;0.661000934323099;Porcentajes;Nacional
61 años;Hombres;0.639285250532409;Porcentajes;Nacional
62 años;Hombres;0.620099897632393;Porcentajes;Nacional
63 años;Hombres;0.59962722042603;Porcentajes;Nacional
64 años;Hombres;0.554463240950369;Porcentajes;Nacional
65 años;Hombres;0.534030660730596;Porcentajes;Nacional
66 años;Hombres;0.503244616499442;Porcentajes;Nacional
67 años;Hombres;0.501921415941933;Porcentajes;Nacional
68 años;Hombres;0.495229439916639;Porcentajes;Nacional
69 años;Hombres;0.457046556843271;Porcentajes;Nacional
70 años;Hombres;0.439264598473947;Porcentajes;Nacional
71 años;Hombres;0.447463377047983;Porcentajes;Nacional
72 años;Hombres;0.459885001420383;Porcentajes;Nacional
73 años;Hombres;0.412513577314493;Porcentajes;Nacional
74 años;Hombres;0.384612405750186;Porcentajes;Nacional
75 años;Hombres;0.391863629220042;Porcentajes;Nacional
76 años;Hombres;0.363491845655218;Porcentajes;Nacional
77 años;Hombres;0.347666198157999;Porcentajes;Nacional
78 años;Hombres;0.290508998956149;Porcentajes;Nacional
79 años;Hombres;0.257853168929217;Porcentajes;Nacional
80 años;Hombres;0.300773827523488;Porcentajes;Nacional
81 años;Hombres;0.185606840562795;Porcentajes;Nacional
82 años;Hombres;0.200516588471563;Porcentajes;Nacional
83 años;Hombres;0.210958687926989;Porcentajes;Nacional
84 años;Hombres;0.210979791604143;Porcentajes;Nacional
85 años;Hombres;0.190296077626247;Porcentajes;Nacional
86 años;Hombres;0.170585243165115;Porcentajes;Nacional
87 años;Hombres;0.154768037138758;Porcentajes;Nacional
88 años;Hombres;0.134972787969013;Porcentajes;Nacional
89 años;Hombres;0.110325803421738;Porcentajes;Nacional
90 años;Hombres;0.0907816880101168;Porcentajes;Nacional
91 años;Hombres;0.0707838435397012;Porcentajes;Nacional
92 años;Hombres;0.0557284802585758;Porcentajes;Nacional
93 años;Hombres;0.0403333477752831;Porcentajes;Nacional
94 años;Hombres;0.0304800409124327;Porcentajes;Nacional
95 años;Hombres;0.0212640650996103;Porcentajes;Nacional
96 años;Hombres;0.0153022763038184;Porcentajes;Nacional
97 años;Hombres;0.0105539489443381;Porcentajes;Nacional
98 años;Hombres;0.00681437735278302;Porcentajes;Nacional
99 años;Hombres;0.00437901300929847;Porcentajes;Nacional
100 años y más;Hombres;0.00840770497785306;Porcentajes;Nacional
0 años;Hombres;0.330781107689246;Porcentajes;Españoles
1 año;Hombres;0.371622725867964;Porcentajes;Españoles
2 años;Hombres;0.395887858657819;Porcentajes;Españoles
3 años;Hombres;0.429529565161811;Porcentajes;Españoles
4 años;Hombres;0.453198678773294;Porcentajes;Españoles
5 años;Hombres;0.467534132051482;Porcentajes;Españoles
6 años;Hombres;0.478779821908993;Porcentajes;Españoles
7 años;Hombres;0.476441042653063;Porcentajes;Españoles
8 años;Hombres;0.510690688718995;Porcentajes;Españoles
9 años;Hombres;0.528173123258983;Porcentajes;Españoles
10 años;Hombres;0.541130580196777;Porcentajes;Españoles
11 años;Hombres;0.554633990701958;Porcentajes;Españoles
12 años;Hombres;0.583800785214738;Porcentajes;Españoles
13 años;Hombres;0.565150153085142;Porcentajes;Españoles
14 años;Hombres;0.563781693051601;Porcentajes;Españoles
15 años;Hombres;0.55044278383965;Porcentajes;Españoles
16 años;Hombres;0.546294490358186;Porcentajes;Españoles
17 años;Hombres;0.533999806746742;Porcentajes;Españoles
18 años;Hombres;0.516903592634338;Porcentajes;Españoles
19 años;Hombres;0.511954249377142;Porcentajes;Españoles
20 años;Hombres;0.515873671494112;Porcentajes;Españoles
21 años;Hombres;0.498548586017214;Porcentajes;Españoles
22 años;Hombres;0.483528902722256;Porcentajes;Españoles
23 años;Hombres;0.485846225287763;Porcentajes;Españoles
24 años;Hombres;0.477289773963064;Porcentajes;Españoles
25 años;Hombres;0.477675994390649;Porcentajes;Españoles
26 años;Hombres;0.482138985998294;Porcentajes;Españoles
27 años;Hombres;0.499623804614996;Porcentajes;Españoles
28 años;Hombres;0.511479818111159;Porcentajes;Españoles
29 años;Hombres;0.509813348488432;Porcentajes;Españoles
30 años;Hombres;0.511899415612732;Porcentajes;Españoles
31 años;Hombres;0.519833622915211;Porcentajes;Españoles
32 años;Hombres;0.528049151269882;Porcentajes;Españoles
33 años;Hombres;0.534900987744439;Porcentajes;Españoles
34 años;Hombres;0.549448623850127;Porcentajes;Españoles
35 años;Hombres;0.571317759542929;Porcentajes;Españoles
36 años;Hombres;0.59621705673857;Porcentajes;Españoles
37 años;Hombres;0.620787351347751;Porcentajes;Españoles
38 años;Hombres;0.659836143837928;Porcentajes;Españoles
39 años;Hombres;0.697115951406699;Porcentajes;Españoles
40 años;Hombres;0.734092981232858;Porcentajes;Españoles
41 años;Hombres;0.764308769499572;Porcentajes;Españoles
42 años;Hombres;0.808654980447114;Porcentajes;Españoles
43 años;Hombres;0.827198329124603;Porcentajes;Españoles
44 años;Hombres;0.847114905989061;Porcentajes;Españoles
45 años;Hombres;0.847398611117965;Porcentajes;Españoles
46 años;Hombres;0.842995221428158;Porcentajes;Españoles
47 años;Hombres;0.828027987820896;Porcentajes;Españoles
48 años;Hombres;0.824494786131511;Porcentajes;Españoles
49 años;Hombres;0.814789209830912;Porcentajes;Españoles
50 años;Hombres;0.800198660344381;Porcentajes;Españoles
51 años;Hombres;0.79276272507502;Porcentajes;Españoles
52 años;Hombres;0.785226658583693;Porcentajes;Españoles
53 años;Hombres;0.793399273557521;Porcentajes;Españoles
54 años;Hombres;0.778844485221693;Porcentajes;Españoles
55 años;Hombres;0.77060034794646;Porcentajes;Españoles
56 años;Hombres;0.780026987271581;Porcentajes;Españoles
57 años;Hombres;0.741068789696516;Porcentajes;Españoles
58 años;Hombres;0.712254838537332;Porcentajes;Españoles
59 años;Hombres;0.696007355734929;Porcentajes;Españoles
60 años;Hombres;0.694588830090405;Porcentajes;Españoles
61 años;Hombres;0.675141916338505;Porcentajes;Españoles
62 años;Hombres;0.655962019178514;Porcentajes;Españoles
63 años;Hombres;0.63634822005667;Porcentajes;Españoles
64 años;Hombres;0.587300609830135;Porcentajes;Españoles
65 años;Hombres;0.56715992975461;Porcentajes;Españoles
66 años;Hombres;0.533952125212472;Porcentajes;Españoles
67 años;Hombres;0.534724566067641;Porcentajes;Españoles
68 años;Hombres;0.528332856398787;Porcentajes;Españoles
69 años;Hombres;0.487741566274984;Porcentajes;Españoles
70 años;Hombres;0.468537828347859;Porcentajes;Españoles
71 años;Hombres;0.480367617000174;Porcentajes;Españoles
72 años;Hombres;0.495015384327828;Porcentajes;Españoles
73 años;Hombres;0.442353513803649;Porcentajes;Españoles
74 años;Hombres;0.413150958140167;Porcentajes;Españoles
75 años;Hombres;0.425004587559616;Porcentajes;Españoles
76 años;Hombres;0.392819551927563;Porcentajes;Españoles
77 años;Hombres;0.376903455788334;Porcentajes;Españoles
78 años;Hombres;0.313980519089314;Porcentajes;Españoles
79 años;Hombres;0.279013265932624;Porcentajes;Españoles
80 años;Hombres;0.32838272651548;Porcentajes;Españoles
81 años;Hombres;0.199721258518813;Porcentajes;Españoles
82 años;Hombres;0.217933220533128;Porcentajes;Españoles
83 años;Hombres;0.231324579432775;Porcentajes;Españoles
84 años;Hombres;0.232631053471765;Porcentajes;Españoles
85 años;Hombres;0.210213580134862;Porcentajes;Españoles
86 años;Hombres;0.188888013932735;Porcentajes;Españoles
87 años;Hombres;0.171813256510753;Porcentajes;Españoles
88 años;Hombres;0.149967961585086;Porcentajes;Españoles
89 años;Hombres;0.122617833527981;Porcentajes;Españoles
90 años;Hombres;0.10090604689827;Porcentajes;Españoles
91 años;Hombres;0.0788366487615353;Porcentajes;Españoles
92 años;Hombres;0.062062285005452;Porcentajes;Españoles
93 años;Hombres;0.0448945485916436;Porcentajes;Españoles
94 años;Hombres;0.0339564046301726;Porcentajes;Españoles
95 años;Hombres;0.023683418071764;Porcentajes;Españoles
96 años;Hombres;0.0170699892685555;Porcentajes;Españoles
97 años;Hombres;0.01175826635091;Porcentajes;Españoles
98 años;Hombres;0.00758136394888358;Porcentajes;Españoles
99 años;Hombres;0.00488974133935856;Porcentajes;Españoles
100 años y más;Hombres;0.00937657371413809;Porcentajes;Españoles
0 años;Hombres;0.483810366923841;Porcentajes;Extranjeros
1 año;Hombres;0.523533550925453;Porcentajes;Extranjeros
2 años;Hombres;0.489894760216082;Porcentajes;Extranjeros
3 años;Hombres;0.511180945812504;Porcentajes;Extranjeros
4 años;Hombres;0.536455993476648;Porcentajes;Extranjeros
5 años;Hombres;0.533036968847171;Porcentajes;Extranjeros
6 años;Hombres;0.533128878111404;Porcentajes;Extranjeros
7 años;Hombres;0.499085686639408;Porcentajes;Extranjeros
8 años;Hombres;0.49292776593578;Porcentajes;Extranjeros
9 años;Hombres;0.479398722240645;Porcentajes;Extranjeros
10 años;Hombres;0.48068545193991;Porcentajes;Extranjeros
11 años;Hombres;0.47360843859395;Porcentajes;Extranjeros
12 años;Hombres;0.459454411902029;Porcentajes;Extranjeros
13 años;Hombres;0.417672460381593;Porcentajes;Extranjeros
14 años;Hombres;0.407452150198855;Porcentajes;Extranjeros
15 años;Hombres;0.40594483826543;Porcentajes;Extranjeros
16 años;Hombres;0.428572899119656;Porcentajes;Extranjeros
17 años;Hombres;0.457744899587291;Porcentajes;Extranjeros
18 años;Hombres;0.51542715382008;Porcentajes;Extranjeros
19 años;Hombres;0.580756258837076;Porcentajes;Extranjeros
20 años;Hombres;0.621968372919266;Porcentajes;Extranjeros
21 años;Hombres;0.651177137092594;Porcentajes;Extranjeros
22 años;Hombres;0.690422392920193;Porcentajes;Extranjeros
23 años;Hombres;0.744152548790952;Porcentajes;Extranjeros
24 años;Hombres;0.783857350939717;Porcentajes;Extranjeros
25 años;Hombres;0.843653518249871;Porcentajes;Extranjeros
26 años;Hombres;0.89771454747187;Porcentajes;Extranjeros
27 años;Hombres;0.934331198342398;Porcentajes;Extranjeros
28 años;Hombres;0.975212439073349;Porcentajes;Extranjeros
29 años;Hombres;0.987693717156224;Porcentajes;Extranjeros
30 años;Hombres;1.0295308142352;Porcentajes;Extranjeros
31 años;Hombres;1.04390542316128;Porcentajes;Extranjeros
32 años;Hombres;1.07020985458484;Porcentajes;Extranjeros
33 años;Hombres;1.07895961653984;Porcentajes;Extranjeros
34 años;Hombres;1.07486046335504;Porcentajes;Extranjeros
35 años;Hombres;1.08936374525105;Porcentajes;Extranjeros
36 años;Hombres;1.11355426359724;Porcentajes;Extranjeros
37 años;Hombres;1.12088862288305;Porcentajes;Extranjeros
38 años;Hombres;1.16871820399004;Porcentajes;Extranjeros
39 años;Hombres;1.17101593559587;Porcentajes;Extranjeros
40 años;Hombres;1.21540811022053;Porcentajes;Extranjeros
41 años;Hombres;1.16987626071938;Porcentajes;Extranjeros
42 años;Hombres;1.15691705446249;Porcentajes;Extranjeros
43 años;Hombres;1.13072291415601;Porcentajes;Extranjeros
44 años;Hombres;1.08171689446684;Porcentajes;Extranjeros
45 años;Hombres;1.03177340028249;Porcentajes;Extranjeros
46 años;Hombres;0.986333460045572;Porcentajes;Extranjeros
47 años;Hombres;0.910287734818979;Porcentajes;Extranjeros
48 años;Hombres;0.877549654899095;Porcentajes;Extranjeros
49 años;Hombres;0.811430130209693;Porcentajes;Extranjeros
50 años;Hombres;0.804095770923879;Porcentajes;Extranjeros
51 años;Hombres;0.743068019473;Porcentajes;Extranjeros
52 años;Hombres;0.713638673065512;Porcentajes;Extranjeros
53 años;Hombres;0.651121991534054;Porcentajes;Extranjeros
54 años;Hombres;0.581289332569629;Porcentajes;Extranjeros
55 años;Hombres;0.543073460501442;Porcentajes;Extranjeros
56 años;Hombres;0.522706367547354;Porcentajes;Extranjeros
57 años;Hombres;0.481475871612316;Porcentajes;Extranjeros
58 años;Hombres;0.452965617847161;Porcentajes;Extranjeros
59 años;Hombres;0.404400762626311;Porcentajes;Extranjeros
60 años;Hombres;0.402029503609093;Porcentajes;Extranjeros
61 años;Hombres;0.362821011487187;Porcentajes;Extranjeros
62 años;Hombres;0.343593593409591;Porcentajes;Extranjeros
63 años;Hombres;0.316498742313628;Porcentajes;Extranjeros
64 años;Hombres;0.301278568156602;Porcentajes;Extranjeros
65 años;Hombres;0.278595361743835;Porcentajes;Extranjeros
66 años;Hombres;0.266481720717892;Porcentajes;Extranjeros
67 años;Hombres;0.249000578660728;Porcentajes;Extranjeros
68 años;Hombres;0.239993470765869;Porcentajes;Extranjeros
69 años;Hombres;0.220380033778493;Porcentajes;Extranjeros
70 años;Hombres;0.213560366372385;Porcentajes;Extranjeros
71 años;Hombres;0.193763110856543;Porcentajes;Extranjeros
72 años;Hombres;0.189020592822107;Porcentajes;Extranjeros
73 años;Hombres;0.182439889503006;Porcentajes;Extranjeros
74 años;Hombres;0.164572728536062;Porcentajes;Extranjeros
75 años;Hombres;0.136338202563607;Porcentajes;Extranjeros
76 años;Hombres;0.137367586323019;Porcentajes;Extranjeros
77 años;Hombres;0.122239321430226;Porcentajes;Extranjeros
78 años;Hombres;0.10953746111319;Porcentajes;Extranjeros
79 años;Hombres;0.0947033058659434;Porcentajes;Extranjeros
80 años;Hombres;0.0879020203126827;Porcentajes;Extranjeros
81 años;Hombres;0.0767809993404591;Porcentajes;Extranjeros
82 años;Hombres;0.0662298158064817;Porcentajes;Extranjeros
83 años;Hombres;0.0539323562520726;Porcentajes;Extranjeros
84 años;Hombres;0.0440429194205746;Porcentajes;Extranjeros
85 años;Hombres;0.0367269419876077;Porcentajes;Extranjeros
86 años;Hombres;0.0294661101131807;Porcentajes;Extranjeros
87 años;Hombres;0.0233449531152461;Porcentajes;Extranjeros
88 años;Hombres;0.019356091047523;Porcentajes;Extranjeros
89 años;Hombres;0.0155510475082663;Porcentajes;Extranjeros
90 años;Hombres;0.0127202421698821;Porcentajes;Extranjeros
91 años;Hombres;0.00869461639646568;Porcentajes;Extranjeros
92 años;Hombres;0.00689319481749394;Porcentajes;Extranjeros
93 años;Hombres;0.00516530064990879;Porcentajes;Extranjeros
94 años;Hombres;0.0036763705693301;Porcentajes;Extranjeros
95 años;Hombres;0.00261022310422437;Porcentajes;Extranjeros
96 años;Hombres;0.0016727486090452;Porcentajes;Extranjeros
97 años;Hombres;0.00126834784641888;Porcentajes;Extranjeros
98 años;Hombres;0.000900710789485874;Porcentajes;Extranjeros
99 años;Hombres;0.000441164468319612;Porcentajes;Extranjeros
100 años y más;Hombres;0.000937474495179175;Porcentajes;Extranjeros
0 años;Mujeres;0.332347038912458;Porcentajes;Nacional
1 año;Mujeres;0.367788554323619;Porcentajes;Nacional
2 años;Mujeres;0.386300699922446;Porcentajes;Nacional
3 años;Mujeres;0.413587754481593;Porcentajes;Nacional
4 años;Mujeres;0.437939287548723;Porcentajes;Nacional
5 años;Mujeres;0.450263835006218;Porcentajes;Nacional
6 años;Mujeres;0.456238286008302;Porcentajes;Nacional
7 años;Mujeres;0.45372061732392;Porcentajes;Nacional
8 años;Mujeres;0.479604277352376;Porcentajes;Nacional
9 años;Mujeres;0.492561935124469;Porcentajes;Nacional
10 años;Mujeres;0.505010994277168;Porcentajes;Nacional
11 años;Mujeres;0.512002642518039;Porcentajes;Nacional
12 años;Mujeres;0.536586316033854;Porcentajes;Nacional
13 años;Mujeres;0.517955989842969;Porcentajes;Nacional
14 años;Mujeres;0.516428083617074;Porcentajes;Nacional
15 años;Mujeres;0.50817443548244;Porcentajes;Nacional
16 años;Mujeres;0.501976285502531;Porcentajes;Nacional
17 años;Mujeres;0.49647033613325;Porcentajes;Nacional
18 años;Mujeres;0.481423414322985;Porcentajes;Nacional
19 años;Mujeres;0.486186514256473;Porcentajes;Nacional
20 años;Mujeres;0.491935155913017;Porcentajes;Nacional
21 años;Mujeres;0.489033400304446;Porcentajes;Nacional
22 años;Mujeres;0.478181889512247;Porcentajes;Nacional
23 años;Mujeres;0.494148931646393;Porcentajes;Nacional
24 años;Mujeres;0.495147135575741;Porcentajes;Nacional
25 años;Mujeres;0.501666061448379;Porcentajes;Nacional
26 años;Mujeres;0.51311691667173;Porcentajes;Nacional
27 años;Mujeres;0.533633911600115;Porcentajes;Nacional
28 años;Mujeres;0.551810508732206;Porcentajes;Nacional
29 años;Mujeres;0.550071565734778;Porcentajes;Nacional
30 años;Mujeres;0.562092220241267;Porcentajes;Nacional
31 años;Mujeres;0.573963038639968;Porcentajes;Nacional
32 años;Mujeres;0.58685316464517;Porcentajes;Nacional
33 años;Mujeres;0.595581645515752;Porcentajes;Nacional
34 años;Mujeres;0.612903543723136;Porcentajes;Nacional
35 años;Mujeres;0.633000575476172;Porcentajes;Nacional
36 años;Mujeres;0.656841399556194;Porcentajes;Nacional
37 años;Mujeres;0.678040043256629;Porcentajes;Nacional
38 años;Mujeres;0.714758331135561;Porcentajes;Nacional
39 años;Mujeres;0.742800897336794;Porcentajes;Nacional
40 años;Mujeres;0.777183008154862;Porcentajes;Nacional
41 años;Mujeres;0.798734083263756;Porcentajes;Nacional
42 años;Mujeres;0.830172231118946;Porcentajes;Nacional
43 años;Mujeres;0.836364049995709;Porcentajes;Nacional
44 años;Mujeres;0.853057058623926;Porcentajes;Nacional
45 años;Mujeres;0.843754557734775;Porcentajes;Nacional
46 años;Mujeres;0.839730086501651;Porcentajes;Nacional
47 años;Mujeres;0.816957108485584;Porcentajes;Nacional
48 años;Mujeres;0.814547068554683;Porcentajes;Nacional
49 años;Mujeres;0.80171603284551;Porcentajes;Nacional
50 años;Mujeres;0.791860615614944;Porcentajes;Nacional
51 años;Mujeres;0.784837311858344;Porcentajes;Nacional
52 años;Mujeres;0.780044666776842;Porcentajes;Nacional
53 años;Mujeres;0.78617528498986;Porcentajes;Nacional
54 años;Mujeres;0.765972734851058;Porcentajes;Nacional
55 años;Mujeres;0.762349233483845;Porcentajes;Nacional
56 años;Mujeres;0.772080139019207;Porcentajes;Nacional
57 años;Mujeres;0.733587031891687;Porcentajes;Nacional
58 años;Mujeres;0.710290682682219;Porcentajes;Nacional
59 años;Mujeres;0.693509038609958;Porcentajes;Nacional
60 años;Mujeres;0.695397817715174;Porcentajes;Nacional
61 años;Mujeres;0.675140398015773;Porcentajes;Nacional
62 años;Mujeres;0.658920111755789;Porcentajes;Nacional
63 años;Mujeres;0.643354039487555;Porcentajes;Nacional
64 años;Mujeres;0.599084855923191;Porcentajes;Nacional
65 años;Mujeres;0.580690890916422;Porcentajes;Nacional
66 años;Mujeres;0.554446358008646;Porcentajes;Nacional
67 años;Mujeres;0.551795736158198;Porcentajes;Nacional
68 años;Mujeres;0.545424536025634;Porcentajes;Nacional
69 años;Mujeres;0.5117219636119;Porcentajes;Nacional
70 años;Mujeres;0.49744954675316;Porcentajes;Nacional
71 años;Mujeres;0.515976464925995;Porcentajes;Nacional
72 años;Mujeres;0.535718954902856;Porcentajes;Nacional
73 años;Mujeres;0.486627581108976;Porcentajes;Nacional
74 años;Mujeres;0.463282693442056;Porcentajes;Nacional
75 años;Mujeres;0.479500869334325;Porcentajes;Nacional
76 años;Mujeres;0.450365132656554;Porcentajes;Nacional
77 años;Mujeres;0.438827752356874;Porcentajes;Nacional
78 años;Mujeres;0.371620982094648;Porcentajes;Nacional
79 años;Mujeres;0.337629289303916;Porcentajes;Nacional
80 años;Mujeres;0.40817255092407;Porcentajes;Nacional
81 años;Mujeres;0.26649090398804;Porcentajes;Nacional
82 años;Mujeres;0.293406533829289;Porcentajes;Nacional
83 años;Mujeres;0.318370073533864;Porcentajes;Nacional
84 años;Mujeres;0.336073948297721;Porcentajes;Nacional
85 años;Mujeres;0.308525208141875;Porcentajes;Nacional
86 años;Mujeres;0.288962099420816;Porcentajes;Nacional
87 años;Mujeres;0.273349599062845;Porcentajes;Nacional
88 años;Mujeres;0.248772256650175;Porcentajes;Nacional
89 años;Mujeres;0.21102621969388;Porcentajes;Nacional
90 años;Mujeres;0.189198686414278;Porcentajes;Nacional
91 años;Mujeres;0.154890438466246;Porcentajes;Nacional
92 años;Mujeres;0.129238918886476;Porcentajes;Nacional
93 años;Mujeres;0.100185486549603;Porcentajes;Nacional
94 años;Mujeres;0.0811774045376747;Porcentajes;Nacional
95 años;Mujeres;0.0610402757980477;Porcentajes;Nacional
96 años;Mujeres;0.0460988723735498;Porcentajes;Nacional
97 años;Mujeres;0.0329449504039318;Porcentajes;Nacional
98 años;Mujeres;0.0239294595240652;Porcentajes;Nacional
99 años;Mujeres;0.0155090923399202;Porcentajes;Nacional
100 años y más;Mujeres;0.0296211212522956;Porcentajes;Nacional
0 años;Mujeres;0.316219167123277;Porcentajes;Españoles
1 año;Mujeres;0.351253174427945;Porcentajes;Españoles
2 años;Mujeres;0.375449168993108;Porcentajes;Españoles
3 años;Mujeres;0.404346562837265;Porcentajes;Españoles
4 años;Mujeres;0.428859639605322;Porcentajes;Españoles
5 años;Mujeres;0.442758806844942;Porcentajes;Españoles
6 años;Mujeres;0.451050625654444;Porcentajes;Españoles
7 años;Mujeres;0.451343867090203;Porcentajes;Españoles
8 años;Mujeres;0.48108999224436;Porcentajes;Españoles
9 años;Mujeres;0.497871508230584;Porcentajes;Españoles
10 años;Mujeres;0.511661007941383;Porcentajes;Españoles
11 años;Mujeres;0.520834935134875;Porcentajes;Españoles
12 años;Mujeres;0.55001126595451;Porcentajes;Españoles
13 años;Mujeres;0.534343113793483;Porcentajes;Españoles
14 años;Mujeres;0.533792392072668;Porcentajes;Españoles
15 años;Mujeres;0.525412362424767;Porcentajes;Españoles
16 años;Mujeres;0.517409016897597;Porcentajes;Españoles
17 años;Mujeres;0.511005386845175;Porcentajes;Españoles
18 años;Mujeres;0.491308145038359;Porcentajes;Españoles
19 años;Mujeres;0.488592681661699;Porcentajes;Españoles
20 años;Mujeres;0.485319344334083;Porcentajes;Españoles
21 años;Mujeres;0.473527700909184;Porcentajes;Españoles
22 años;Mujeres;0.453823306872227;Porcentajes;Españoles
23 años;Mujeres;0.461411823051252;Porcentajes;Españoles
24 años;Mujeres;0.4549676636947;Porcentajes;Españoles
25 años;Mujeres;0.453003184482789;Porcentajes;Españoles
26 años;Mujeres;0.457923918819422;Porcentajes;Españoles
27 años;Mujeres;0.474726891496067;Porcentajes;Españoles
28 años;Mujeres;0.489543928270379;Porcentajes;Españoles
29 años;Mujeres;0.484933123906499;Porcentajes;Españoles
30 años;Mujeres;0.490251999054284;Porcentajes;Españoles
31 años;Mujeres;0.499220895650417;Porcentajes;Españoles
32 años;Mujeres;0.509436664367702;Porcentajes;Españoles
33 años;Mujeres;0.518617743791334;Porcentajes;Españoles
34 años;Mujeres;0.536965598178317;Porcentajes;Españoles
35 años;Mujeres;0.559890879855193;Porcentajes;Españoles
36 años;Mujeres;0.586437574059853;Porcentajes;Españoles
37 años;Mujeres;0.612793542127434;Porcentajes;Españoles
38 años;Mujeres;0.653177417577164;Porcentajes;Españoles
39 años;Mujeres;0.68776560253641;Porcentajes;Españoles
40 años;Mujeres;0.728261529591673;Porcentajes;Españoles
41 años;Mujeres;0.75811017004451;Porcentajes;Españoles
42 años;Mujeres;0.798608481176487;Porcentajes;Españoles
43 años;Mujeres;0.812929629994393;Porcentajes;Españoles
44 años;Mujeres;0.837971971792844;Porcentajes;Españoles
45 años;Mujeres;0.83394049807034;Porcentajes;Españoles
46 años;Mujeres;0.834250428043093;Porcentajes;Españoles
47 años;Mujeres;0.817952879629707;Porcentajes;Españoles
48 años;Mujeres;0.817909966248864;Porcentajes;Españoles
49 años;Mujeres;0.808716966441665;Porcentajes;Españoles
50 años;Mujeres;0.799545423324886;Porcentajes;Españoles
51 años;Mujeres;0.796441355443928;Porcentajes;Españoles
52 años;Mujeres;0.792459947332408;Porcentajes;Españoles
53 años;Mujeres;0.805117010604302;Porcentajes;Españoles
54 años;Mujeres;0.79203081352398;Porcentajes;Españoles
55 años;Mujeres;0.790898377085075;Porcentajes;Españoles
56 años;Mujeres;0.80330988045548;Porcentajes;Españoles
57 años;Mujeres;0.763374211427886;Porcentajes;Españoles
58 años;Mujeres;0.740956738090983;Porcentajes;Españoles
59 años;Mujeres;0.727224456221307;Porcentajes;Españoles
60 años;Mujeres;0.729804027225298;Porcentajes;Españoles
61 años;Mujeres;0.710883994427078;Porcentajes;Españoles
62 años;Mujeres;0.695151472194787;Porcentajes;Españoles
63 años;Mujeres;0.680065034751852;Porcentajes;Españoles
64 años;Mujeres;0.63263382853706;Porcentajes;Españoles
65 años;Mujeres;0.614307430840497;Porcentajes;Españoles
66 años;Mujeres;0.586699822498336;Porcentajes;Españoles
67 años;Mujeres;0.586244463846061;Porcentajes;Españoles
68 años;Mujeres;0.580505991196701;Porcentajes;Españoles
69 años;Mujeres;0.545810522785348;Porcentajes;Españoles
70 años;Mujeres;0.530132834317468;Porcentajes;Españoles
71 años;Mujeres;0.553663671479569;Porcentajes;Españoles
72 años;Mujeres;0.577723773672064;Porcentajes;Españoles
73 años;Mujeres;0.523171330314091;Porcentajes;Españoles
74 años;Mujeres;0.499390165097074;Porcentajes;Españoles
75 años;Mujeres;0.522026973491618;Porcentajes;Españoles
76 años;Mujeres;0.489591609804649;Porcentajes;Españoles
77 años;Mujeres;0.47883942382683;Porcentajes;Españoles
78 años;Mujeres;0.404487223363361;Porcentajes;Españoles
79 años;Mujeres;0.368156278326556;Porcentajes;Españoles
80 años;Mujeres;0.448304169280509;Porcentajes;Españoles
81 años;Mujeres;0.290258955790134;Porcentajes;Españoles
82 años;Mujeres;0.322207967827552;Porcentajes;Españoles
83 años;Mujeres;0.351827736915895;Porcentajes;Españoles
84 años;Mujeres;0.372602581397207;Porcentajes;Españoles
85 años;Mujeres;0.343032877919847;Porcentajes;Españoles
86 años;Mujeres;0.321876581164378;Porcentajes;Españoles
87 años;Mujeres;0.30488049827394;Porcentajes;Españoles
88 años;Mujeres;0.277656726282651;Porcentajes;Españoles
89 años;Mujeres;0.235675519434886;Porcentajes;Españoles
90 años;Mujeres;0.211214892354526;Porcentajes;Españoles
91 años;Mujeres;0.172943308872945;Porcentajes;Españoles
92 años;Mujeres;0.144532266678339;Porcentajes;Españoles
93 años;Mujeres;0.112111207451651;Porcentajes;Españoles
94 años;Mujeres;0.0908309387070804;Porcentajes;Españoles
95 años;Mujeres;0.0683324067619186;Porcentajes;Españoles
96 años;Mujeres;0.0515794996962567;Porcentajes;Españoles
97 años;Mujeres;0.0368649782206248;Porcentajes;Españoles
98 años;Mujeres;0.0267707974157276;Porcentajes;Españoles
99 años;Mujeres;0.0173346217837524;Porcentajes;Españoles
100 años y más;Mujeres;0.0331791956215764;Porcentajes;Españoles
0 años;Mujeres;0.456697133975032;Porcentajes;Extranjeros
1 año;Mujeres;0.495280643100151;Porcentajes;Extranjeros
2 años;Mujeres;0.469968831730313;Porcentajes;Extranjeros
3 años;Mujeres;0.484839750683254;Porcentajes;Extranjeros
4 años;Mujeres;0.507945739711493;Porcentajes;Extranjeros
5 años;Mujeres;0.50812955823996;Porcentajes;Extranjeros
6 años;Mujeres;0.496236499448177;Porcentajes;Extranjeros
7 años;Mujeres;0.472045981101985;Porcentajes;Extranjeros
8 años;Mujeres;0.468149028298495;Porcentajes;Extranjeros
9 años;Mujeres;0.451623742589356;Porcentajes;Extranjeros
10 años;Mujeres;0.453737655666721;Porcentajes;Extranjeros
11 años;Mujeres;0.443903364393763;Porcentajes;Extranjeros
12 años;Mujeres;0.433076453067086;Porcentajes;Extranjeros
13 años;Mujeres;0.391606993045042;Porcentajes;Extranjeros
14 años;Mujeres;0.382544739591643;Porcentajes;Extranjeros
15 años;Mujeres;0.37526552586437;Porcentajes;Extranjeros
16 años;Mujeres;0.382985904059963;Porcentajes;Extranjeros
17 años;Mujeres;0.384401306729155;Porcentajes;Extranjeros
18 años;Mujeres;0.405209564151564;Porcentajes;Extranjeros
19 años;Mujeres;0.467634336418789;Porcentajes;Extranjeros
20 años;Mujeres;0.542944787531516;Porcentajes;Extranjeros
21 años;Mujeres;0.608586384046905;Porcentajes;Extranjeros
22 años;Mujeres;0.665992910486994;Porcentajes;Extranjeros
23 años;Mujeres;0.746560571513863;Porcentajes;Extranjeros
24 años;Mujeres;0.804941336154825;Porcentajes;Extranjeros
25 años;Mujeres;0.876869526343769;Porcentajes;Extranjeros
26 años;Mujeres;0.938669315614208;Porcentajes;Extranjeros
27 años;Mujeres;0.987822390126151;Porcentajes;Extranjeros
28 años;Mujeres;1.03190207325242;Porcentajes;Extranjeros
29 años;Mujeres;1.0523059299122;Porcentajes;Extranjeros
30 años;Mujeres;1.11599905002584;Porcentajes;Extranjeros
31 años;Mujeres;1.15024444187915;Porcentajes;Extranjeros
32 años;Mujeres;1.1837545596186;Porcentajes;Extranjeros
33 años;Mujeres;1.18899338767989;Porcentajes;Extranjeros
34 años;Mujeres;1.19840489633738;Porcentajes;Extranjeros
35 años;Mujeres;1.19669538402264;Porcentajes;Extranjeros
36 años;Mujeres;1.1996732441838;Porcentajes;Extranjeros
37 años;Mujeres;1.18110757280868;Porcentajes;Extranjeros
38 años;Mujeres;1.18956322511814;Porcentajes;Extranjeros
39 años;Mujeres;1.16713736464523;Porcentajes;Extranjeros
40 años;Mujeres;1.15438035876965;Porcentajes;Extranjeros
41 años;Mujeres;1.11195504239958;Porcentajes;Extranjeros
42 años;Mujeres;1.07353696995008;Porcentajes;Extranjeros
43 años;Mujeres;1.01704953615233;Porcentajes;Extranjeros
44 años;Mujeres;0.969367009868114;Porcentajes;Extranjeros
45 años;Mujeres;0.919423515683765;Porcentajes;Extranjeros
46 años;Mujeres;0.881979681435137;Porcentajes;Extranjeros
47 años;Mujeres;0.809279453426635;Porcentajes;Extranjeros
48 años;Mujeres;0.788618250827;Porcentajes;Extranjeros
49 años;Mujeres;0.747737010096049;Porcentajes;Extranjeros
50 años;Mujeres;0.732608745203255;Porcentajes;Extranjeros
51 años;Mujeres;0.695367111335942;Porcentajes;Extranjeros
52 años;Mujeres;0.684319617775105;Porcentajes;Extranjeros
53 años;Mujeres;0.640129643531757;Porcentajes;Extranjeros
54 años;Mujeres;0.565058156506036;Porcentajes;Extranjeros
55 años;Mujeres;0.542227895270496;Porcentajes;Extranjeros
56 años;Mujeres;0.531290692826739;Porcentajes;Extranjeros
57 años;Mujeres;0.503920113938077;Porcentajes;Extranjeros
58 años;Mujeres;0.473847402680956;Porcentajes;Extranjeros
59 años;Mujeres;0.433554381241099;Porcentajes;Extranjeros
60 años;Mujeres;0.430116974758775;Porcentajes;Extranjeros
61 años;Mujeres;0.399547953474795;Porcentajes;Extranjeros
62 años;Mujeres;0.379566879430486;Porcentajes;Extranjeros
63 años;Mujeres;0.360302697647196;Porcentajes;Extranjeros
64 años;Mujeres;0.340413532867121;Porcentajes;Extranjeros
65 años;Mujeres;0.321498606287917;Porcentajes;Extranjeros
66 años;Mujeres;0.305763740251184;Porcentajes;Extranjeros
67 años;Mujeres;0.286187066969502;Porcentajes;Extranjeros
68 años;Mujeres;0.274937373027351;Porcentajes;Extranjeros
69 años;Mujeres;0.248890287543648;Porcentajes;Extranjeros
70 años;Mujeres;0.245452881061324;Porcentajes;Extranjeros
71 años;Mujeres;0.225398279605628;Porcentajes;Extranjeros
72 años;Mujeres;0.211850854057647;Porcentajes;Extranjeros
73 años;Mujeres;0.20486574997592;Porcentajes;Extranjeros
74 años;Mujeres;0.184884675931611;Porcentajes;Extranjeros
75 años;Mujeres;0.151613522279173;Porcentajes;Extranjeros
76 años;Mujeres;0.147918769856997;Porcentajes;Extranjeros
77 años;Mujeres;0.130327336682752;Porcentajes;Extranjeros
78 años;Mujeres;0.118213695656809;Porcentajes;Extranjeros
79 años;Mujeres;0.102258247385917;Porcentajes;Extranjeros
80 años;Mujeres;0.0987473134922065;Porcentajes;Extranjeros
81 años;Mujeres;0.0832330296896334;Porcentajes;Extranjeros
82 años;Mujeres;0.0713399708978506;Porcentajes;Extranjeros
83 años;Mujeres;0.0604027684540935;Porcentajes;Extranjeros
84 años;Mujeres;0.0544286662789321;Porcentajes;Extranjeros
85 años;Mujeres;0.0424620800757626;Porcentajes;Extranjeros
86 años;Mujeres;0.0351828663484891;Porcentajes;Extranjeros
87 años;Mujeres;0.0302381479327401;Porcentajes;Extranjeros
88 años;Mujeres;0.0260654673365504;Porcentajes;Extranjeros
89 años;Mujeres;0.0209736940980282;Porcentajes;Extranjeros
90 años;Mujeres;0.0194480003117562;Porcentajes;Extranjeros
91 años;Mujeres;0.0156981023310395;Porcentajes;Extranjeros
92 años;Mujeres;0.0113232213535367;Porcentajes;Extranjeros
93 años;Mujeres;0.00823507007529942;Porcentajes;Extranjeros
94 años;Mujeres;0.00674613999472073;Porcentajes;Extranjeros
95 años;Mujeres;0.00481604544582243;Porcentajes;Extranjeros
96 años;Mujeres;0.00384180724494995;Porcentajes;Extranjeros
97 años;Mujeres;0.00272051422130427;Porcentajes;Extranjeros
98 años;Mujeres;0.00202200381313155;Porcentajes;Extranjeros
99 años;Mujeres;0.00143378452203874;Porcentajes;Extranjeros
100 años y más;Mujeres;0.00218744048875141;Porcentajes;Extranjeros
